company_name,country,city_location,estimated_employees,type,contact_email,contact_role_or_type,website,short_description,source_notes
CHISLEV,Nigeria,Lagos,<100,Software company,hello@chislevgroup.com,General / founder-level,https://chislevgroup.com/,"Custom software development: web apps, mobile apps, cloud solutions, e-commerce, and business analytics for growing businesses.",Email listed on company website contact section
Danoice Limited,Nigeria,"Isheri North, Lagos",<50,Software company,hello@danoice.com,General / founder-level,https://danoice.com/,"Builds and runs software for growing businesses: mobile apps, web platforms, APIs, cloud infrastructure, AI features, and payment integrations.",Email listed on company website
Profynix Technology,Nigeria,"Lekki, Lagos",15+,Software / business development company,hello@profynix.com,General inquiries,https://profynix.com/,"Business development and software development firm helping founders validate opportunities and build scalable digital products (web, mobile, cloud).",hello@; also partnerships@profynix.com and support@profynix.com
Profynix Technology,Nigeria,"Lekki, Lagos",15+,Software / business development company,partnerships@profynix.com,Partnerships / BD,https://profynix.com/,Same as above — partnership outreach address.,Listed under Business Development on contact page
Neloda Technologies,Nigeria,"New Oko Oba, Lagos",Small studio,Software studio,hello@nelodatech.com,General / founder-level,https://nelodatech.com/,"Small hands-on studio building websites, apps, and platforms for founders and operators.",Email and address listed on company website
Teners,Nigeria,Lagos,10-49,Software company,contact@teners.net,General contact,https://teners.net/,"Software development services: web apps, mobile apps, and UI/UX design — crafting, launching, and growing digital solutions.",Email from public GitHub org profile linked to teners.net
Edmoss Global Limited,Nigeria,"Ikeja, Lagos",~6-15,Software company,official@edmoss.com.ng,General / HQ,https://edmoss.com.ng/,"AI-powered software development: enterprise platforms, startup MVPs, mobile apps, cloud/DevOps, and software modernization.",Email listed on website and LinkedIn company profile
Bloocode Technology,Nigeria,Lagos,~7,Software company,info@bloocodetechnology.com,General,https://bloocodetechnology.com/,"Full-cycle web and mobile application development; PoC/MVP, dedicated teams, and staff augmentation.",Email from LinkedIn company profile; ~7 employees
CKDIGITAL,Nigeria,Lagos,<100,Digital / web agency,info@ckdigital.net,General,https://ckdigital.com/,"Web design and digital marketing agency in Lagos since 2011; branding and conversion-focused websites.",info@ and sales@ listed on contact page
CKDIGITAL,Nigeria,Lagos,<100,Digital / web agency,sales@ckdigital.net,Sales / project briefs,https://ckdigital.com/,Same as above — for briefs and RFPs.,Listed for project briefs / RFPs
Shield Agency Limited,Nigeria,"Kakawa, Lagos",<100,Digital marketing agency,hello@shieldagency.com.ng,General,https://shieldagency.com.ng/,"Digital marketing agency focused on SEO, AEO, GEO, content, and web performance for Nigerian and global brands.",Email listed on About / Contact Info
Prunet Digital Agency,Nigeria,Nigeria (online),<100,Digital agency,info@prunetdigital.com.ng,General,https://prunetdigital.com.ng/,"Full-service creative and digital agency: branding, content, digital marketing, web/mobile development, plus a digital training academy.",Email listed in site header
Mida Digitals,Nigeria,"Ikeja GRA / Lekki, Lagos",<50,Digital product agency,hello@midadigitals.com,General,https://midadigitals.com/,"Digital product agency building investor-ready MVPs: web/software development, e-commerce, UI/UX, and blockchain.",Email listed on company website
Brela Agency,Nigeria,Port Harcourt,<50,Digital / software agency,hello@brela.agency,General,https://brela.agency/,"Port Harcourt digital agency: brand identity, WordPress, custom software, SEO, automation, and digital training for SMEs.",Email listed in public directories; contact via site quote form
WebCapz Technologies,Nigeria,Port Harcourt,<100,Digital / tech agency,info@webcapz.com,General,https://www.webcapz.com/,"Digital marketing, web design, mobile apps, graphic design, and branding for businesses in Port Harcourt and Nigeria.",info@webcapz.com; also hello@webcapz.com referenced publicly
Pivva Technologies,Nigeria,"GRA, Port Harcourt",<50,Web / tech agency,info@pivvatech.com,General,https://pivvatech.com/,"Web design and development agency serving hospitality, retail, and service businesses in Port Harcourt.",Email listed on portfolio/contact pages
PGL (Pyrich Groups Limited),Nigeria,Abuja,<100,Software / ICT company,info@pglnigeria.com,General,https://pglnigeria.com/,"Software development and customized ICT solutions for businesses, companies, and private agencies in Abuja.",Email listed on Contact Info section
E-MySystems ICT Solution,Nigeria,Nigeria,<100,Web / ICT agency,hello@emysystems.com.ng,General / careers page exists,https://emysystems.com.ng/,"Website design and digital/ICT services for business growth; careers page available on site.",Email listed in public contact info
J&F Technologies,Nigeria,Nigeria,<100,IT / tech company,hr@jftech.ng,HR,https://www.jftech.ng/,"IT services firm (field engineering, web, service delivery, training); public careers page routes applications to HR email.",Careers page instructs applicants to email hr@jftech.ng
Dawntech Global Resources Group,Nigeria,Nigeria,<100,Tech / software group,careers@dawntech.com.ng,Careers / HR,https://dawntech.com.ng/,"Diversified tech group including software engineering roles; careers page accepts applications via careers@ email.",Careers page lists careers@dawntech.com.ng
Quantum Apps Digital Laboratory,Nigeria,Lagos,<100,Digital / software studio,recruitment@quantumappslaboratory.com,Recruitment / HR,https://quantumappslaboratory.com/,"Lagos-based digital laboratory scaling software and product work; hiring across HR and technical roles.",Job listings page lists recruitment@ email
Friday Technologies,Nigeria,Nigeria,~30+,Digital / software agency,admin@fridaytechnologies.ng,Admin / general,https://fridaytechnologies.ng/,"Web and mobile app development agency delivering AI-powered solutions; ~30+ team strength stated on site.",Public contact alias referenced online; verify on outreach
Mradi Africa,Kenya,Nairobi,5,Software studio,hello@mradiafrica.com,General / founder-level,https://mradiafrica.com/,"Nairobi software studio: product engineering, platform/infra, AI integration, design/UX, and fractional CTO services.",Website states 5 team members; email on contact section
Henga,Kenya,"Kilimani, Nairobi",<50,Software and design company,hello@henga.co,General,https://henga.co/,"Bespoke software, websites, SaaS products, UI/UX, and design/branding for businesses in Kenya and internationally.",Email listed as hello@henga.co on contact footer
Blackcess Softwares,Kenya,"Thika Road, Nairobi",<50,Software company,info@blackcesssoftwares.com,General,https://blackcesssoftwares.com/,"Custom software, websites, M-Pesa/payment integrations, e-commerce, and digital marketing for Kenyan businesses.",Email listed on homepage contact block
Kinnetik Developers,Kenya,"Mirage Plaza, Mombasa Road, Nairobi",<50,Software company,info@kinnetikdevelopers.com,General,https://kinnetikdevelopers.com/,"Bespoke software systems: real estate platforms, web apps, AI chatbots, API integrations, and AI features.",Email listed on site header and contact section
Deveint Ltd,Kenya,"Westlands, Nairobi",<50,AI / software company,info@deveint.com,General,https://deveint.com/,"AI-powered software solutions: generative AI, custom software, AI consulting, data engineering, and cloud architecture.",Email listed on contact section
KenZobe Technologies,Kenya,"Eastleigh, Nairobi",<50,Software / digital company,info@kenzobe.com,General,https://www.kenzobe.com/,"Website, mobile app, and software development; API integration, digital marketing, and AI training for Kenyan businesses.",Email listed on contact page
Codefremics Limited,Kenya,"Kenyatta Avenue, Nairobi",<100,Software / ICT company,info@codefremics.com,General,https://codefremics.com/,"Custom software, AI systems, payments/fintech, managed services, and ICT consulting.",Email listed on contact page
Zege Technologies (Zegetech),Kenya,Nairobi,~5,Software consultancy,hi@zegetech.com,General / projects,https://zegetech.com/,"Full-stack developers and designers building mobile/web apps; fintech-focused consultancy founded 2010.",~5 employees (LinkedIn); also innovate@zegetech.com
Zege Technologies (Zegetech),Kenya,Nairobi,~5,Software consultancy,innovate@zegetech.com,Innovation / BD,https://zegetech.com/,Same as above — alternate public email.,Listed on LinkedIn company profile
Integral Software Technology,Kenya,Nairobi,<100,Digital consultancy / software,info@integral.co.ke,General / careers,https://integral.co.ke/,"Digital transformation consultancy and software development; careers page accepts CVs via info@ email.",Careers page: contact info@integral.co.ke for opportunities
MAAT Systems East Africa,Kenya,"Langata Road, Nairobi",~8,IT solutions / software,Hello@maat-ea.com,General,https://maat-ea.com/,"Small IT studio: hospital/dental/pharmacy systems, POS, web design, and e-commerce for East African businesses.",Team page shows ~8 people; Hello@maat-ea.com on site
Nelium Systems,Kenya,"Westlands, Nairobi",<50,Digital agency,hello@neliumsystems.com,General,https://neliumsystems.com/,"Digital agency: web development, digital marketing, and online presence growth for startups and organizations.",Also business@neliumsystems.com on About page
Nelium Systems,Kenya,"Westlands, Nairobi",<50,Digital agency,business@neliumsystems.com,Business development,https://neliumsystems.com/,Same as above — business inquiries.,Listed on About Us contact block
Technovation Ventures Limited,Kenya,"Westlands, Nairobi",<100,Software engineering company,info@technovation.co.ke,General / careers page exists,https://technovation.co.ke/,"Software engineering: web/mobile apps, system integration, maintenance, and ICT consulting.",Email and careers link listed on site
Mobidev,Kenya,"Lavington / iHub, Nairobi",<100,Software development company,info@devs.mobi,General,https://devs.mobi/,"Software development since 2012: USSD/SMS, mobile apps, enterprise systems, and AI agents across African markets.",Email listed on contact section; office at Jahazi Building
Stadi Consulting,Kenya,Nairobi,<50,Software consulting,info@stadi.co.ke,General,https://stadi.co.ke/,"Custom software and process improvement for creative individuals and enterprises: BPM, integrations, automation.",Email listed on contact section
Uzalynx ERP,Kenya,Nairobi / Mombasa,<100,Software product company,careers@uzalynxerp.co.ke,Careers / talent pool,https://uzalynxerp.co.ke/,"Cloud ERP and POS solutions for retailers and enterprises in Kenya and East Africa.",Careers page: email CV to careers@uzalynxerp.co.ke
Binami,Kenya,Nairobi,Small team,AI / software company,hello@binami.co.ke,General,https://binami.net/,"Kenyan software company delivering AI systems, enterprise software, websites, and mobile apps.",Email referenced on public site content (site may be rebuilding)
