id,company_name,location,country,website,contact_emails,contact_role,description,employee_estimate,source_platform,source_job
1,Afrihood Development Company,"Lagos, Nigeria",Nigeria,https://afrihood.com,hello@afrihood.com; hr@afrihood.com,hello / hr,Real-estate and infrastructure PropTech startup building marketplace and product platforms.,~4,LinkedIn,Full Stack Developer
2,AMD Solutions 007,"Abuja, Nigeria",Nigeria,https://www.amdsolutions007.com,info@amdsolutions007.com; hello@amdsolutions007.com,info / hello,Nigerian AI/automation and custom software agency.,1-20,LinkedIn,Software Developer
3,Aqqute Labs,"Port Harcourt, Nigeria",Nigeria,https://aqqute.com,hi@aqqute.com,general,"Port Harcourt digital agency for websites, apps, and digital storytelling.",~5,LinkedIn,Dynamic Generalist
4,Awari App / Lost in a City,"Lagos, Nigeria",Nigeria,https://linktr.ee/kkls.awari,info@awariapp.com; info@lostinlagos.com,info,"Lifestyle discovery app for businesses, events, and city experiences in Lagos/Abuja.",~13,Indeed,Mobile App Developer
5,Awarri,"Lagos, Nigeria",Nigeria,https://awarri.com,info@awarri.com,info,"AI company building multilingual African LLMs, data platforms, and robotics education products.",20-60,Indeed,Senior Frontend Developer
6,Bakkaz Information and Technology Ltd,"Lagos, Nigeria",Nigeria,https://bakkaz.com,info@bakkaz.com,info,Software and digital product studio building platforms alongside trading/investment arms.,5-20,Indeed,"Web Developer (ReactJs, NextJs, TypeScript)"
7,Belema Financial Technology,"Port Harcourt / Lagos, Nigeria",Nigeria,https://belemafintech.com,info@belemafintech.com,info,"Fintech providing payments, POS agency banking, switching/processing, and merchant services.",20-80,Indeed,Mobile Developer (Flutter)
8,Bema Integrated Services,"Lagos, Nigeria",Nigeria,,bemamarketing@bemamusic.com,marketing / hiring,Organization building software products around Christian music ministry and digital platforms.,5-30,LinkedIn,Wordpress AND MERN Full Stack Developer
9,Big Field Digital,"Ibadan, Nigeria",Nigeria,https://www.bigfielddigital.com,info@bigfielddigital.com,info,"Ibadan digital agency for mobile apps, web development, and digital marketing.",~5,LinkedIn,Web Developer
10,Bincom Dev Center,"Lagos, Nigeria",Nigeria,https://bincomdevcenter.com,bincomdevcenter@bincom.net,careers / training,ICT solutions and developer training center delivering web and mobile client projects.,~12,Indeed,Trainee Mobile App Developer
11,Boxvibe,"Port Harcourt, Nigeria",Nigeria,https://www.boxvibe.com,info@boxvibe.com,info,"Port Harcourt web design, software, and SEO agency.",1-10,Indeed,Web Designer
12,Brela Agency,"Port Harcourt, Nigeria",Nigeria,https://brela.agency,hello@brela.agency,hello,"Port Harcourt WordPress and digital agency for web, SEO, and software.",~5,LinkedIn,Web Developer
13,ByteWorks Technology Solutions,"Abuja, Nigeria",Nigeria,https://byteworks.com.ng,info@byteworks.com.ng,info,Software development company focused on revenue automation and enterprise engineering.,30-50,Indeed,Full Stack Software Developer (Java)
14,Centralelite Services,"Lagos, Nigeria",Nigeria,,centralelitedigitals@gmail.com,staffing partner,Tech/recruitment partner posting frontend and backend software engineer roles.,<50,Indeed,Frontend Software Engineer
15,CircleHQ Company,"Lagos, Nigeria",Nigeria,https://circlehqcompany.com,circlehqcompany@gmail.com,founder,"Small AI automation company building custom AI systems, chatbots, and ops tools for businesses.",~5,LinkedIn,Backend Developer
16,Cloud Technology Hub,"Abuja, Nigeria",Nigeria,https://cloudtechnologyhub.com,info@cloudtechnologyhub.com; careers@cloudtechnologyhub.com,info / careers,Nigerian software/tech hub hiring backend engineers.,11-50,Indeed,Senior Backend Engineer
17,Dantown,"Port Harcourt, Nigeria",Nigeria,https://godantown.com,info@godantown.com; support@godantown.com,info / support,Port Harcourt fintech/software startup hiring backend developers.,~32,Indeed,Backend Developer
18,EasyWin Lotto Ltd,"Lagos, Nigeria",Nigeria,https://easywin.ng,chinedu@easywin.ng,engineering contact,"Online sports betting, lotto, and casino platform hiring frontend/mobile engineers.",20-60,Indeed,Frontend Developer (Vue.js / React Native)
19,eHealth4everyone,"Abuja, Nigeria",Nigeria,https://ehealth4everyone.com,info@ehealth4everyone.com; recruitment@e4email.net,info / recruitment,"Digital health software enterprise building EMR, DHIS2, dashboards, and health data platforms.",~58,Indeed,Javascript Backend Developer (Node.JS)
20,Elonatech Nigeria Limited,"Lagos, Nigeria",Nigeria,https://elonatech.com.ng,info@elonatech.com.ng,info,"IT solutions company providing web development, digital services, and tech sales/support.",10-40,Indeed,Full Stack Software Developer
21,Escrow-Tech,"Lagos / Abuja, Nigeria",Nigeria,https://escrow-tech.co.uk,HR.Nigeria@escrow-tech.co.uk,hr,Building Carbon-Adjust clearing platform for real-time energy capacity and IoT load matching.,<50,LinkedIn,Senior Backend Engineer
22,Estility,"Lagos, Nigeria",Nigeria,https://estility.co,hr@estility.co; ceo@estility.co; support@estility.co,hr / ceo,Convenience and home-services platform connecting users with essential delivery and services.,<50,LinkedIn,Senior Software Engineer
23,Flux Creative Technologies,"Lagos, Nigeria",Nigeria,https://fluxcreativetech.com,info@fluxcreativetech.com; daisy@fluxcreativetech.com,info / hr,Product and engineering agency building web/mobile apps and AI systems for African founders.,5-20,LinkedIn,Product Manager (Internship)
24,INFINION Technologies,"Lagos, Nigeria",Nigeria,https://infinion.co,info@infinion.co; sales@infinion.co,info / sales,"Digital transformation firm offering custom software, cloud, DevOps, AI, and Microsoft solutions.",40-80,Indeed,Mobile Developer
25,InfoWARE Limited,"Lagos, Nigeria",Nigeria,https://infowarelimited.com,support@infowarelimited.com,support,Financial markets software company providing trading and business solutions for African institutions.,11-20,Indeed,Software Developer — Mobile Applications
26,Koloxo West Africa,"Lagos, Nigeria",Nigeria,https://koloxo.com,koloxo@koloxo.com,general,"Operates AI92, an AI-driven marketing automation and customer-engagement platform.",5-25,Indeed,Mobile App Developer
27,Korapay (Kora),"Lagos, Nigeria",Nigeria,https://www.korahq.com,support@korapay.com,support,Payment infrastructure for Africa offering plug-and-play payment solutions (verify headcount).,verify <100,LinkedIn,Senior Full-Stack Engineer
28,KTREX,"Abuja, Nigeria",Nigeria,https://ktrex.com.ng,info@ktrex.com.ng; hello@ktrex.com.ng,info / hello,Abuja digital agency for web and software services.,1-20,Indeed,Web Developer
29,Loctech Nigeria Limited,"Port Harcourt, Nigeria",Nigeria,https://loctech.com,info@loctechng.com,info,Port Harcourt tech training and software firm.,11-50,Indeed,Fullstack Web Developer
30,Lorgarithm,"Lagos, Nigeria",Nigeria,https://www.lorgarithm.com,lorgarithminfo@gmail.com,info,Vetted talentbank SaaS product hiring NestJS/Next.js full-stack engineers.,~3,Indeed,Full Stack Engineer
31,Luster Marketing Agency,"Lagos, Nigeria",Nigeria,,contact@lustermarketing.com,contact,Digital marketing agency helping brands scale online presence with content and campaigns.,5-20,Indeed,Digital Marketing Associate
32,MIST Digital Agency,"Lagos, Nigeria",Nigeria,https://mist.com.ng,info@mist.com.ng; hello@mist.com.ng; hr@mist.com.ng,info / hello / hr,"Small web design, development, SEO, and digital marketing agency.",~3,Indeed,Social Media & Digital Marketing Intern
33,NeoMinds Edutech Ltd,"Abuja, Nigeria",Nigeria,https://neominds.ng,info@neominds.ng; careers@neominds.ng,info / careers,Nigerian edtech/software company.,1-20,Indeed,UI/UX Design Intern
34,NomJet,Lagos (remote) / UK ops,Nigeria,https://nomjet.co.uk,info@nomjet.co.uk,info,Food technology company building a social food-commerce platform (hiring remote Nigeria engineers).,~3,LinkedIn,Senior Software Engineer (AI & Mobile)
35,Odixcity Consulting,"Abuja, Nigeria",Nigeria,https://odixcity.com,info@odixcity.com; careers@odixcity.com,info / careers,Abuja tech consultancy posting JavaScript/MERN developer roles (also lists Senegal).,1-50,Indeed,JavaScript Developer
36,Paramount Web,"Abuja, Nigeria",Nigeria,https://paramountweb.com,info@paramountweb.com,info,"Nigerian web design company serving Abuja, Port Harcourt, and Lagos since 2008.",1-20,Indeed,Web Designer
37,Punch Group,"Lagos, Nigeria",Nigeria,https://punch.cool,start@punch.cool; start@punch-agency.com,founder / new business,AI and software engineering digital agency building production web and AI products.,~95,LinkedIn,Full Stack Web Developer
38,PureWeb Technologies,"Abuja, Nigeria",Nigeria,https://pureweb360.com,info@pureweb360.com; sales@pureweb360.com,info / sales,Abuja web and software solutions company.,11-50,Indeed,Web Developer
39,Riby,"Lagos, Nigeria",Nigeria,https://www.riby.ng,info@riby.me; sales@riby.ng; careers@riby.me,info / sales / careers,"Fintech SaaS for cooperatives: thrift, loans, savings, and co-banking management software.",~14,Indeed,Android Developer
40,ROB Technologies,"Abuja, Nigeria",Nigeria,https://robtechnologies.com,info@robtechnologies.com; hello@robtechnologies.com,info / hello,Nigerian software firm posting backend developer roles.,1-50,Indeed,Backend Developer
41,Aeres Technologies Ltd,"Nairobi, Kenya",Kenya,,recruitment@aerestechnologies.co.ke,recruitment,Nairobi digital solutions firm hiring junior fullstack developers.,<50,LinkedIn,Junior Fullstack Developer
42,Arfa Technology Ltd,"Nairobi, Kenya",Kenya,https://arfatechnology.com/,sales@arfatechnology.com,sales,"Nairobi cybersecurity and digital-transformation firm (SOC/MDR, cloud security).",~5,LinkedIn,Senior Frontend Engineer
43,AURIC,Kenya (remote listing),Kenya,https://thinkauric.com/,info@thinkauric.com,info,Gym/payments software company hiring remote QA talent via Kenya LinkedIn jobs.,~5,LinkedIn,Junior Software Quality Assurance Engineer
44,Brupace Digital,"Nairobi, Kenya",Kenya,https://brupacedigital.africa/,info@brupacedigital.africa; hello@brupacedigital.africa,info / hello,"Nairobi creative tech agency for branding, UX/UI, and web/app development.",~12,LinkedIn,Senior Frontend Developer
45,ByteBoon,"Nairobi, Kenya",Kenya,,careers@byteboon.com,careers,Early-stage distributed systems / BoonOS startup hiring in Nairobi.,<20,LinkedIn,Software Engineer
46,Ciriz Digital Services,"Nairobi, Kenya",Kenya,https://cirizdigital.com/,hr@cirizdigital.com,hr,"Nairobi software shop building custom apps, websites, hosting, and integrations.",<50,LinkedIn,Web Developer
47,eKitabu,"Nairobi, Kenya",Kenya,,support@ekitabu.com,support,Digital content and edtech company (~35) hiring software developers.,~35,LinkedIn,Software Developer
48,Ezra,"Nairobi, Kenya",Kenya,https://ezra.world/,info@ezra.world,info,Fintech credit-infrastructure provider with a Nairobi engineering/ops footprint.,~61,LinkedIn,Data Engineer
49,Forty Guard,"Nairobi, Kenya",Kenya,,hr@fortyguard.com,hr,AI automation and cybersecurity-adjacent company hiring remotely from Kenya.,<50,LinkedIn,Software Engineer
50,Hubitable,"Nairobi, Kenya",Kenya,,hi@hubitable.com,hi,Food/health engagement startup hiring software engineers in Nairobi.,<30,LinkedIn,Software Engineer
51,KiliMax Software,"Nairobi, Kenya",Kenya,,georgina.muchoki@kilimax.com,hiring contact,Software/ops clarity startup hiring engineers in Kenya.,<50,LinkedIn,Software Engineer
52,LEYSCO LTD,"Nairobi, Kenya",Kenya,https://leysco.com/,info@leysco.com,info,"Nairobi IT systems consulting and custom software (web/mobile, HRMS/CRM).",~6,LinkedIn,Full Stack Engineer
53,Medbook Africa,"Nairobi, Kenya",Kenya,https://medbookafrica.com,info@medbookafrica.com; md@medbookafrica.com,info / md,Healthtech providing digital healthcare solutions for Kenyan communities and stakeholders.,<50,LinkedIn,Software Developer
54,Nathan Digital,"Nairobi, Kenya",Kenya,https://www.nathandigital.com,info@nathandigital.com,info,"ERP and digital solutions company (HRMS, CRM, accounting) with Kenya delivery presence.",<100,LinkedIn,Fullstack Developer
55,Nyansapo AI,"Nairobi, Kenya",Kenya,https://www.nyansapoai.app/,info@nyansapoai.net,info,Nairobi edtech startup using AI for literacy/numeracy assessments.,<50,LinkedIn,Full Stack Developer
56,Open Function (OpenFn),Kenya / London HQ,Kenya,https://www.openfn.org/,admin@openfn.org,admin,Open-source workflow automation platform for governments/NGOs with Kenya hiring.,~21,LinkedIn,Principal Software Engineer
57,Pawa IT Solutions,"Nairobi, Kenya",Kenya,https://pawait.africa/,support@pawait.africa; careers@pawait.africa,support / careers,Nairobi Google Cloud / Workspace partner and cloud solutions company.,~16,LinkedIn,Graphics & Web Designer
58,Paya Ventures Limited,"Nairobi, Kenya",Kenya,https://www.paya.co.ke/,support@paya.co.ke,support,"Kenya fintech for digital banking, payments APIs, and Buy Now Pay Later.",~50,LinkedIn,Full Stack Engineer
59,Pezesha,"Nairobi, Kenya",Kenya,https://pezesha.com,hello@pezesha.com; jobs@pezesha.com,hello / jobs,MSME embedded finance platform (CBK DCP) for credit and payments.,<100,LinkedIn,Software Engineer
60,PIPOSOFT,"Nairobi, Kenya",Kenya,https://piposoft.co.ke,sales@piposoft.co.ke; connect@piposoft.co.ke,sales,Kenya SME/startup talent acquisition agency posting engineering roles.,<50,LinkedIn,Full Stack Engineer
61,PowWater,"Nairobi, Kenya",Kenya,,recruitment@powwater.com,recruitment,Water access tech startup hiring React engineers in Nairobi.,<50,LinkedIn,React Developer
62,Purple Elephant Ventures,"Nairobi, Kenya",Kenya,,hr@purpleelephant.ventures,hr,"Tech studio building products across ecommerce, fintech, and tourism.",<50,LinkedIn,Senior Engineer
63,Share,"Nairobi, Kenya",Kenya,https://share.inc/,partnerships@share.inc,partnerships,Decentralized/open-access internet network startup with Kenya engineering hiring.,~11,LinkedIn,Founding Engineer
64,Sinbad,"Nairobi, Kenya",Kenya,,careers@sinbad.co.ke,careers,Kenya tech company advertising engineering roles via careers inbox.,<50,LinkedIn,Software Engineer
65,TechGetAfrica,"Nairobi, Kenya",Kenya,https://techgetafrica.com/,hello@techgetafrica.com,hello,"Kenya tech training, software delivery (MVP pods), and talent placement company.",~3,LinkedIn,Senior Fullstack Engineer
66,Tezza Business Solutions,"Nairobi, Kenya",Kenya,https://tezzasolutions.com/,info@tezzasolutions.com,info,"IT services firm for software engineering, QA, cybersecurity, and automation.",~58,LinkedIn,Mid Level Springboot Engineer
67,Tunga,"Nairobi, Kenya",Kenya,https://tunga.io,hello@tunga.io,hello,African IT talent matching platform helping companies source software professionals.,<100,LinkedIn,Founding Full-Stack Engineer
68,Twiva,"Nairobi, Kenya",Kenya,https://twiva.com,info@twiva.co.ke,info,Creator and social commerce platform connecting brands with influencers.,11-50,LinkedIn,Software Engineer
69,Umba,"Nairobi, Kenya",Kenya,https://umba.com/,support@umba.com; management@umba.com,support / management,Nairobi-based digital bank/fintech building lending and payments products.,~58,LinkedIn,Senior Backend Engineer
70,Xobriq Technologies Limited,"Nairobi, Kenya",Kenya,,hr@xobriq.com,hr,"Early-stage cybersecurity, AI, and payments technology company.",<30,LinkedIn,Software Engineer
71,Caliza,"Nairobi, Kenya",Kenya,https://www.caliza.com/,,contact form,Cross-border payments / USD account infrastructure startup hiring in Nairobi.,~13,LinkedIn,Payment Operations and Integrations Engineer
72,Native X,"Nairobi, Kenya",Kenya,https://nativex.no/,,booking form,Norwegian IT consultancy with Nairobi developers serving Scandinavian clients.,2-10,LinkedIn,Full-Stack Developer
73,ASquared,"Brighton, UK",United Kingdom,https://asquared.uk,ideas@asquared.uk,general,B Corp digital product agency in Brighton/Bristol building React and React Native apps.,~12,LinkedIn,Digital Product Manager
74,Atomic Smash,"Bristol, UK",United Kingdom,https://www.atomicsmash.co.uk,mail@atomicsmash.co.uk; david.darke@atomicsmash.co.uk,founder,Bristol WordPress/WooCommerce B Corp agency with an active jobs page.,10-12,LinkedIn,Web Developer
75,AWTG,"London, UK",United Kingdom,https://awtg.co.uk,enquiries@awtg.co.uk,engineering manager,London tech/telecoms software company hiring PHP and backend developers.,<100,Indeed,PHP Developer
76,Beebot AI,"Sale / Manchester, UK",United Kingdom,https://beebotai.com,info@beebotai.com,founders,AI automation SaaS for local government and councils.,~14,Indeed,Website Developer
77,Bespoke Digital Agency,"Chorley / Manchester, UK",United Kingdom,https://bespokedigital.agency,hello@bespokedigital.agency,CEO,"B2B lead-gen web design and digital marketing agency at Strawberry Fields, Chorley.",12-15,Indeed,Web Developer
78,Bolland & Co,"Manchester, UK",United Kingdom,https://www.bolland.co,info@bolland.co,managing director,Manchester digital transformation consultancy building self-service apps and CMS sites.,<50,LinkedIn,PHP WordPress / Craft Developer
79,Bolser,Leeds / Remote UK,United Kingdom,https://bolser.co.uk,info@bolser.co.uk; dominic@bolser.co.uk; jobs@bolser.co.uk,CEO / MD,Leeds digital agency delivering React/Node and headless CMS work for major brands.,<100,LinkedIn,Front End Developer
80,Cake Agency,"Birmingham, UK",United Kingdom,https://www.cake.agency,hello@cake.agency,agency leadership,Shopify Premier Partner ecommerce agency in Birmingham Jewellery Quarter.,~21,Indeed,Digital Designer
81,CDL Software,"Stockport / Manchester, UK",United Kingdom,https://www.cdl.co.uk,hremail@cdl.co.uk,HR / engineering,Insurance/finance software house in Stockport hiring Java/DevOps engineers.,<100,Indeed,Intermediate Software Engineer – Java
82,Chameleon Web Services,"Birmingham, UK",United Kingdom,https://www.chameleon.co.uk,hello@chameleon.co.uk,agency director,"Birmingham web design, WordPress and digital marketing agency.",~15,Indeed,Full Stack Web Developer
83,COHO,Worcester / Remote UK,United Kingdom,https://coho.life,team@coho.life,founders,Proptech SaaS for HMO/coliving property management.,~12,Indeed,Front End Designer
84,Conker Communications,"Manchester, UK",United Kingdom,https://conkercommunications.com,hello@conkercommunications.com,general,Small integrated marketing and digital communications agency in Didsbury.,1-20,LinkedIn,Digital Account Manager
85,Digiryte,"Manchester, UK",United Kingdom,https://digiryte.com,hello@digiryte.com,general,Manchester software development and digital product company for startups and enterprises.,21-50,LinkedIn,Software Developer
86,Enovate Design,Chelmsford / Remote UK,United Kingdom,https://www.enovate.co.uk,hello@enovate.co.uk,CEO,"Small Craft CMS and Laravel/Node digital agency, largely remote.",~8,Indeed,Digital agency developer
87,Fast Web Media,"Manchester, UK",United Kingdom,https://fastwebmedia.com,hello@fastwebmedia.com,CEO,"Manchester digital agency focused on search, technical development and digital.",11-50,Indeed,Web Developer
88,Fifteen Ten,"Bristol, UK",United Kingdom,https://fifteenten.co.uk,info@fifteenten.co.uk,general,Bristol creative digital agency hiring designers for brand and digital work.,1-20,LinkedIn,Graphic Designer
89,Gecko Agency,"Edinburgh, UK",United Kingdom,https://www.wearegecko.co.uk,hello@wearegecko.co.uk,new business,Edinburgh Umbraco/.NET digital agency building websites for UK clients.,11-50,LinkedIn,Full Stack Web Developer
90,Gibe Digital,Bristol / Remote UK,United Kingdom,https://gibe.digital,hello@gibedigital.com,co-owners,Technically led ecommerce and CMS agency building heavier software-side sites.,~14,Indeed,Senior Developer
91,Indiespring,"Manchester, UK",United Kingdom,https://indiespring.com,hello@indiespring.com,MD,Manchester mobile development agency focused on brownfield app maintain/evolve/rebuild.,11-50,Indeed,Mobile developer
92,Jones and Palmer,"Birmingham, UK",United Kingdom,https://www.jonesandpalmer.co.uk,hello@jonesandpalmer.co.uk,head of software,Birmingham corporate communications agency with Umbraco/C# product engineering.,~51,LinkedIn,Umbraco Full Stack Developer
93,Just Chill,Manchester / Remote UK,United Kingdom,https://www.justchillsocial.com,hello@justchillsocial.com,agency director,B2B digital marketing agency for industrial/construction clients; WordPress & Webflow.,<50,LinkedIn,Web Developer (WordPress & Webflow)
94,KAIKAKU,"London, UK",United Kingdom,https://kaikaku.ai,hello@kaikaku.ai,founders,London robotics startup automating restaurant kitchens.,~33,LinkedIn,Software Engineer
95,Kalexiko,"Birmingham, UK",United Kingdom,https://www.kalexiko.com,studio@kalexiko.com,studio / technical director,Birmingham digital agency building LAMP/Laravel web apps and sites.,<50,Indeed,Web Developer
96,Longshot Systems,"London, UK",United Kingdom,https://longshotsystems.co.uk,david@longshotsystems.co.uk,co-founder,Sports betting analytics and trading technology company.,~22,Indeed,Software Engineer
97,MediaBlanket,"Manchester, UK",United Kingdom,https://www.mediablanket.co.uk,hello@mediablanket.co.uk; partners@mediablanket.co.uk,studio lead,Consumer credit lead-gen tech company hiring frontend developers.,<50,Indeed,Frontend Developer
98,Navari Group,"Altrincham / Manchester, UK",United Kingdom,https://navari.co.uk,info@navari.co.uk; hello@navari-group.com,CTO,Greater Manchester software firm building Laravel web systems for care-sector and utilities.,<50,Indeed,Web Developer
99,Oblige IT,"Bolton / Manchester, UK",United Kingdom,https://obligeit.co.uk,sales@obligeit.co.uk,directors,Small Dynamics 365 / Microsoft partner consultancy hiring web developers.,<50,Indeed,Web Developer
100,OH Digital,"Manchester, UK",United Kingdom,https://oh.digital,jobs@ohdigital.co.uk,careers,"Developer-run Manchester web agency focused on PHP, Laravel and WordPress.",1-10,LinkedIn,PHP Web Developer
101,Pixel Kicks,"Manchester, UK",United Kingdom,https://pixelkicks.co.uk,info@pixelkicks.co.uk,general,"Manchester full-service digital agency specialising in Shopify, WordPress and Webflow.",11-21,LinkedIn,Frontend Developer
102,Proctor + Stevenson,"Bristol, UK",United Kingdom,https://proctorsgroup.com,marketing@proctorsgroup.com; recruitment@proctors.co.uk,recruitment,Bristol B2B creative and digital agency hiring Webflow and digital design talent.,~43,LinkedIn,Webflow Developer
103,Reason8 Marketing,"Hinckley / Midlands, UK",United Kingdom,https://reason8agency.co.uk,hello@reason8agency.co.uk; tom@reason8agency.co.uk,founder,Boutique B2B web design and SEO agency for owner-led businesses.,2-10,Indeed,Senior Web Designer & Developer
104,Rejuvenate Digital,"Leeds, UK",United Kingdom,https://rejuvenate.digital,studio@rejuvenate.digital,studio,"Leeds full-service digital agency for web, app, video and digital marketing.",6-18,Indeed,WordPress Developer - Front end
105,Savasaachi Marketing Agency,"Oldham / Manchester, UK",United Kingdom,https://savasaachi.co.uk,hello@savasaachi.com; info@savasaachi.com,agency director,Full-service digital marketing and web design agency in Greater Manchester.,<50,Indeed,Web Designer
106,Series Eight,"Brighton, UK",United Kingdom,https://serieseight.com,info@serieseight.com,general,"Independent digital agency for brand identity, UI and web for SaaS and ecommerce.",~23,LinkedIn,Brand and Digital Designer
107,Soap Media,"Manchester, UK",United Kingdom,https://soapmedia.co.uk,hello@soapmedia.co.uk,agency leadership,Award-winning digital marketing and performance agency with in-house web development.,~19,Indeed,Front End WordPress Developer
108,SoBold,"London, UK",United Kingdom,https://sobold.co.uk,hello@soboldltd.com,CEO,London Bridge boutique website design and development agency.,<10,Indeed,Junior Front End Developer
109,SOJO,"London, UK",United Kingdom,https://www.sojo.uk,careers@sojo.uk,careers,Clothing repair and circular fashion platform with a small engineering team.,<50,Indeed,Lead Software Engineer / Technical Lead
110,Stanhope AI,"London, UK",United Kingdom,https://www.stanhopeai.com,info@stanhopeai.com; press@stanhopeai.com,founders,Deeptech startup applying Active Inference to robotics and embodied autonomous systems.,1-10,LinkedIn,AI Developer – Robotics
111,Studio Cotton,"Bristol, UK",United Kingdom,https://studiocotton.co.uk,hello@studiocotton.co.uk; careers@studiocotton.co.uk,general / careers,Small Bristol web design studio for independent brands and podcasts.,2-10,LinkedIn,Website Designer
112,Tekton Dynamics,"London, UK",United Kingdom,https://tekton-dynamics.com,contact@tekton-dynamics.com,founders,YC W24 physical-AI startup building control layer for welding robots.,<20,LinkedIn,Founding Engineer
113,8seats,"Sydney, Australia",Australia,https://8seats.com,support@8seats.com,support,Team messaging product company hiring QA automation engineers.,<50,Indeed,QA Automation Engineer
114,Actualise Design,"Sydney, Australia",Australia,https://actualisedesign.com,front-end-web-developer@actualisedesign.com,studio lead,Boutique Sydney digital and UX studio hiring front-end developers.,<50,Indeed,Front-End Web Developer
115,Attention Experts,"Melbourne, Australia",Australia,https://attentionexperts.com,info@attentionexperts.com,general,"Digital marketing and social agency with clients across Melbourne, Brisbane and Sydney.",11-50,Indeed,Digital Marketing Specialist
116,Axiom Design Partners,"Perth, Australia",Australia,https://axiom.com.au,hello@axiom.com.au,general,"Subiaco Perth creative studio for brand, digital and environmental design.",5-6,Indeed,Graphic Designer
117,Bigfish,"Brisbane, Australia",Australia,https://bigfish.design,hello@bigfish.design; jobs@bigfish.design,general / careers,Brisbane design and technology studio building custom websites and integrations.,11-50,Indeed,Full-stack Developer
118,Bookipi,Australia (remote-first),Australia,https://bookipi.com,support@bookipi.com,support,Fast-growing invoicing/payroll SaaS startup hiring senior React front-end developers.,<100,Indeed,Senior Front-End Developer
119,Boylen,"Adelaide, Australia",Australia,https://www.boylen.com.au,admin@boylen.com.au,admin,"Adelaide web design, SEO and graphic design agency.",~13,LinkedIn,Web Designer
120,Brevity Pty Ltd,"Sydney, Australia",Australia,https://www.brevity.com.au,info@brevity.com.au; support@brevity.com.au,info / support,NDIS/aged care practice-management SaaS hiring React front-end developers.,<100,Indeed,Frontend Software Developer
121,Convert Digital,"Melbourne, Australia",Australia,https://www.convertdigital.com.au,enquiries@convertdigital.com.au,enquiries,Ecommerce agency specialising in Shopify Plus and headless commerce.,51-99,Indeed,Senior Software Engineer (Back End)
122,CoVet,Australia (remote-first),Australia,https://covet.vet,people@co.vet,people / HR,Veterinary AI copilot startup hiring backend developers.,<25,Indeed,Back-end Developer
123,Dapth,"Perth, Australia",Australia,https://dapth.com,support@dapth.com,support,Perth digital consultancy and software house for government and enterprise systems.,~19,LinkedIn,Full Stack Web Developer
124,Digital Stack,"Melbourne, Australia",Australia,https://digitalstack.io,support@digitalstack.io,engineering lead,Small digital advertising/tech agency hiring React front-end engineers.,~13,Indeed,React Front End Developer
125,Digital8,"Brisbane, Australia",Australia,https://www.digital8.com.au,sales@digital8.com.au; careers@digital8.com.au,sales / careers,"Brisbane digital agency for web, apps, Laravel/React and government platforms.",8-49,Indeed,Mid-Level Laravel Developer
126,Hatchd,"Perth, Australia",Australia,https://www.hatchd.com.au,hello@hatchd.com.au,general,Perth digital product studio designing and building React/Python platforms.,11-50,LinkedIn,Software Developer
127,Hatchet,"Perth, Australia",Australia,https://hatchet.com.au,hello@hatchet.com.au,general,"Perth digital agency for Laravel/WordPress hosting, apps and custom software.",~7,LinkedIn,Web Developer
128,Hello Digital,"Brisbane, Australia",Australia,https://hellodigital.net.au,hello@hellodigital.net.au,general,Brisbane full-service digital marketing agency for SME and enterprise clients.,11-50,Indeed,Digital Marketer
129,Law of the Jungle,"Sydney, Australia",Australia,https://lotj.com,team@lotj.com; careers@lotj.com,team / careers,RegTech/marketing compliance software company hiring AI-native developers.,<50,Indeed,AI-native software developer
130,Lightbulb Digital,"Adelaide, Australia",Australia,https://lightbulb.digital,hello@lightbulb.digital,general,"Adelaide/Sydney web design studio for WordPress, Shopify, Craft and custom apps.",1-15,LinkedIn,Web Developer
131,Lupo Digital,"Sydney, Australia",Australia,https://www.lupodigital.com,info@lupodigital.com; marketing@lupodigital.com,agency / HubSpot lead,"HubSpot partner digital agency for education, luxury and financial services.",<50,Indeed,HubSpot Technical & Web Developer
132,New Leaf Digital,"Adelaide, Australia",Australia,https://newleafdigital.com.au,hello@newleafdigital.com.au,founder,Female-founded Adelaide web design and SEO agency.,1-10,Indeed,Web Designer
133,New Word Order,"Brisbane, Australia",Australia,https://newwordorder.com.au,info@newwordorder.com.au,general,Brisbane purpose-driven creative agency.,11-50,LinkedIn,Copy Director
134,NinjaTech AI,"Sydney, Australia",Australia,https://www.ninjatech.ai,support@ninjatech.ai,support,Agentic AI platform company hiring full-stack software engineers.,<100,Indeed,Full Stack Software Engineer - Agentic AI
135,NotesEdu,"Sydney, Australia",Australia,https://notesedu.com.au,contact@notesedu.com.au,contact,Exam prep EdTech company hiring remote full-stack engineers.,<50,Indeed,Senior Software Engineer (Full Stack) – Remote
136,NOW Digital,"Melbourne, Australia",Australia,https://www.nowdigital.com.au,work@nowdigital.com.au; melbourne@nowdigital.com.au,hiring / principals,"Independent UX-led digital agency building Sitecore, Drupal, WordPress and custom platforms.",~10,Indeed,Front End Developer (Mid-Level)
137,OwnHome,"Sydney, Australia",Australia,https://ownhome.com,hello@ownhome.com; security@ownhome.com,hello,Australian low-deposit home loans PropTech hiring full-stack engineers.,<100,Indeed,Software Engineer (Full stack)
138,Pixeld,"Melbourne / Geelong, Australia",Australia,https://www.pixeld.com.au,hello@pixeld.com.au,agency owners,Full-service digital agency for custom websites and growth marketing campaigns.,<50,Indeed,Digital Project Manager
139,PWD Digital Agency,"Perth, Australia",Australia,https://pwd.com.au,contact@pwd.com.au,general,Perth full-service web design and digital marketing agency.,~65,Indeed,Web Developer
140,Quasar Satellite Technologies,"Sydney, Australia",Australia,https://quasarsat.com,info@quasarsat.com,info,Space ground infrastructure company hiring software engineers.,<100,Indeed,Software Engineer
141,Relevance AI,"Sydney, Australia",Australia,https://relevanceai.com,jacky@relevanceai.com,founder,AI agents platform hiring senior software engineers (borderline ~100 employees — verify).,~97-126 verify,Indeed,Senior Software Engineer
142,Sentius Digital,"Melbourne, Australia",Australia,https://www.sentiusdigital.au,peoplefirst@sentius.com.au; digital@sentius.com.au,people / digital,"Melbourne full-service digital agency for strategy, UX/UI and marketing.",51-99,LinkedIn,Web UX/UI Designer
143,Settify (Corto Pty Ltd),"Sydney, Australia",Australia,https://www.settify.com.au,contact@settify.com,engineering,Legal-tech scale-up building AI intake/triage products for law firms.,~16,Indeed,AI Software Engineer
144,Shockbyte,"Melbourne, Australia",Australia,https://shockbyte.com,support@shockbyte.com,VP product / founders,Australian game-server hosting product company hiring senior developers.,29-33,Indeed,Senior Software Developer
145,Southside Digital,"Adelaide, Australia",Australia,https://www.southsidedigital.com,hello@southsidedigital.com,general,"Adelaide full-service digital agency for websites, SEO and social.",1-20,Indeed,Web Designer
146,The Start,"Perth, Australia",Australia,https://thestart.com.au,hi@thestart.com.au,general,"Award-winning Perth design, web and AI studio.",14-16,LinkedIn,Web Developer
147,WorkingMouse,"Brisbane, Australia",Australia,https://www.workingmouse.com.au,info@workingmouse.com.au,engineering leadership,Brisbane software engineering agency modernising legacy systems into cloud apps.,<100,Indeed,Full Stack Developer
148,Zanity,"Adelaide / Melbourne, Australia",Australia,https://zanity.com.au,info@zanity.com.au,technical lead,Full-service web and marketing agency hiring Magento/PHP developers.,<100,Indeed,Magento Developer
149,Alien Intelligence,"Perth, Australia",Australia,https://alienintelligence.ai,,founders,Perth AI software startup hiring AI software engineers for agentic systems.,<25,Indeed,AI Software Engineer
150,coreflow,"Sydney, Australia",Australia,https://coreflow.dev,,careers via Built In,Fast-growing Sydney AI entertainment startup hiring early software engineers.,<50,Indeed,Software Engineer
151,Affiliate.co.za,"Johannesburg, South Africa",South Africa,https://affiliate.co.za,info@affiliate.co.za,founders,Small SA affiliate-network / advertising-tech company with in-house development.,<25,Indeed,JUNIOR / MID FULL STACK DEVELOPER
152,Blue Bean Software,"Johannesburg, South Africa",South Africa,https://bluebeansoftware.com,info@bluebeansoftware.com,engineering leadership,Custom enterprise software and cloud product engineering company.,<100,Indeed,Junior Software Engineer
153,CyberPro Consulting,"Cape Town, South Africa",South Africa,https://www.cpconsulting.co.za,information@cpconsulting.co.za,delivery,"Software, data and digital consulting / staff-augmentation firm.",<100,Indeed,C# Developer
154,DotActiv,"Cape Town, South Africa",South Africa,https://dotactiv.com,info@dotactiv.com,info,Category-management SaaS for retailers and suppliers.,~73,Indeed,Junior C# Software Developer
155,Electrum Software,"Cape Town, South Africa",South Africa,https://www.electrumsoftware.com,hello@electrum.co.za; support@electrum.co.za,hiring / engineering,Cape Town payments software product company (cloud-native clearing/VAS).,<100,Indeed,Junior React Software Engineer
156,INTX Insurance Software,"Johannesburg, South Africa",South Africa,https://intx.com,info@intx.com,engineering managers,Reinsurance/insurance operating-system product company with Johannesburg engineering.,<100,Indeed,Junior Full Stack Developer
157,Mars Technologies,"Cape Town, South Africa",South Africa,https://marstech.co.za,support@marstech.co.za; sales@marstech.co.za,sales / support,Growing Managed Service Provider hiring graduate software developers.,<100,Indeed,Graduate Software Developer
158,Sendmarc,"Johannesburg, South Africa",South Africa,https://sendmarc.com,info@sendmarc.com,product engineering,Email authentication / DMARC security SaaS.,~87,Indeed,Full Stack Engineer
159,Sharenet,"Cape Town, South Africa",South Africa,https://www.sharenet.co.za,course@sharenet.co.za,tech / product,JSE market-data and investor-tools software company hiring web developers.,<100,Indeed,Web Developer
160,Spriggabyte,"Cape Town, South Africa",South Africa,https://spriggabyte.co.za,guy@spriggabyte.co.za,founder,Small Cape Town Drupal/Laravel/WordPress agency founded 2021.,<10,Indeed,Junior Web Developer Internship (PHP/Drupal)
161,Stanchion Payment Solutions,"Cape Town, South Africa",South Africa,https://www.stanchionpayments.com,privacy@stanchionpayments.com,engineering,Payments integration and switch software company.,~77,Indeed,Java Software Engineer
162,Talent Sam,"Johannesburg / Cape Town, South Africa",South Africa,https://www.talentsam.com,support@talentsam.com,ops / engineering,SA remote-talent / outsourcing firm building internal web apps.,<100,Indeed,Full Stack Developer
163,Bluespec Holdings,"Sandton, South Africa",South Africa,https://bluespec.co.za,,tech leadership,Sandton tech group hiring AI developer interns.,<100,Indeed,AI Developer Intern
164,Hire Hangar,"Cape Town / Johannesburg, South Africa",South Africa,https://www.hirehangar.com,,ops,AI-powered global recruiting firm hiring SA full-stack developers.,<100,Indeed,Frontend-Focused Full Stack Developer
165,Hire Overseas,"Cape Town, South Africa",South Africa,https://hireoverseas.com,,product,Remote hiring platform with Cape Town roles for web developer & designer.,<100,Indeed,Web Developer & Designer
166,IndSAfri,"Roodepoort, South Africa",South Africa,https://indsafri.com,,engineering management,Software/services firm hiring permanent software developers for enterprise systems.,<100,Indeed,Software Developer - Permanent
167,Optimim,"Cape Town, South Africa",South Africa,https://optimim.co.za,,product engineering,Cape Town software product company building PHP/web solutions for the SA market.,<50,Indeed,Software Developer
168,Prime Meridian Direct,"Johannesburg, South Africa",South Africa,https://www.primemeridiandirect.com,,product engineering,Insurance/fintech product company hiring full-stack Python developers.,<100,Indeed,Full-Stack Python Developer
169,Sable International,"Cape Town, South Africa",South Africa,https://www.sableinternational.com,,tech / product,International services firm with Cape Town tech team hiring SQL developers.,<100,Indeed,Junior SQL Developer
170,Select Africa,"Johannesburg, South Africa",South Africa,https://selectafrica.net,,tech lead,Financial-services tech team hiring software developer interns (.NET/SQL).,<100,Indeed,Software Developer Intern
171,SOFTA,"Johannesburg, South Africa",South Africa,https://softa.co.za,,founders,Johannesburg software firm hiring junior full-stack / AI-enthusiast developers.,<50,Indeed,Junior Full-Stack Developer
172,Speechify,"Johannesburg, South Africa",South Africa,https://speechify.com,,platform engineering,Text-to-speech product company hiring platform software engineers from Johannesburg.,<100,Indeed,"Software Engineer, Platform"
173,Team Liquid,"Johannesburg, South Africa",South Africa,https://www.teamliquid.com,,digital product,Esports org with Johannesburg digital-product full-stack engineer hiring.,<100 local,Indeed,Full Stack Engineer
174,Upstream,"Johannesburg, South Africa",South Africa,https://www.upstreamsystems.com,,engineering managers,Digital engagement / software firm hiring Java software engineers.,<100,Indeed,"Software Engineer, Java"
175,Bakeli School of Technology,"Dakar, Senegal",Senegal,https://bakeli.tech,contact@bakeli.tech,contact,Volkeno-linked tech school in Dakar training and placing software developers.,<50,LinkedIn,Developer / trainer hiring
176,Baobab Group,"Dakar, Senegal",Senegal,https://www.baobabgroup.com,candidaturebbs@baobab.com,careers,African digital finance group hiring front-end tech leads in Dakar.,<100 local digital,LinkedIn,Tech lead front-end
177,Cabinet International Link,"Dakar, Senegal",Senegal,https://cil.sn,info@cil.sn,info,Dakar professional services firm with IT-adjacent digital offerings.,<100,LinkedIn,IT / digital roles
178,Consortium Jeunesse Senegal,"Dakar, Senegal",Senegal,,recrutement@consortiumjeunesse.sn,recruitment,Full-stack hiring via Bakeli ecosystem / youth consortium in Dakar.,<50,LinkedIn,Full Stack Developer
179,Djamo,"Dakar, Senegal",Senegal,https://www.djamo.com,business@djamo.com,business / partnerships,West African neobank/fintech hiring backend engineers and SREs in Dakar.,<100,LinkedIn,Software Engineer (Backend)
180,HELLO GROUP,"Dakar, Senegal",Senegal,https://hellogroup.sn,info@hellogroup.sn,info,Dakar digital/agency group offering tech and creative services.,<100,LinkedIn,Digital consultant / developer
181,Infrafric,"Dakar, Senegal",Senegal,https://infrafric.sn,contact@infrafric.sn,contact,Dakar tech and digital services company.,<100,LinkedIn,Digital / tech roles
182,KPA6T,Dakar / Francophone Africa,Senegal,,jeremy.frederic@kpa6t.fr,hiring contact,Tech firm hiring fullstack developers with Senegal-visible job posts.,<50,LinkedIn,Développeur Full Stack
183,Odixcity Consulting (Senegal listings),"Dakar, Senegal",Senegal,https://www.odixcity.com,info@odixcity.com; careers@odixcity.com,recruiting / delivery,"IT consulting/recruiting firm posting CMS, Drupal and engineer-annotator roles in Senegal.",<100,LinkedIn,CMS Developer / Drupal web developer
184,RED TIC,"Dakar, Senegal",Senegal,https://red-tic.com,info@red-tic.com,recruitment / consulting,IT consulting and recruitment firm posting software-engineer and ServiceNow roles in Dakar.,<100,LinkedIn,SOFTWARE ENGINEER – DATA & ANALYTICS PLATFORM
185,TechSol SA,"Dakar, Senegal",Senegal,https://techsol.sn,contact@techsol.sn,contact,Dakar IT integrator for cloud and software solutions.,<100,LinkedIn,Software / IT roles
186,Volkeno,"Dakar, Senegal",Senegal,https://volkeno.com,contact@volkeno.sn; contact@volkeno-tank.com,contact,Dakar digital agency and startup studio building software products and training talent.,~83,LinkedIn,Web / software roles (agency hiring)
187,Chapter One,"Dakar, Senegal",Senegal,https://chapterone.com,,engineering lead,Product/engineering team hiring full-stack React Native/NestJS engineers with Dakar visibility.,<50,LinkedIn,Full Stack Software Engineer
188,EPF Africa,"Dakar, Senegal",Senegal,https://www.epf.fr,,academic / digital,Engineering school campus in Dakar hiring UX/UI Design professors.,<100 campus,LinkedIn,Recrutement de professeurs en UX/UI Design
189,Galimatech,"Dakar, Senegal",Senegal,,,,Dakar nearshore Java/Angular software company visible via LinkedIn Senegal job search.,<100,LinkedIn,Java / Angular Developer
190,Paathz,"Dakar, Senegal",Senegal,https://paathz.com,,engineering / founders,Tech company hiring Software Engineer (AI Algorithm) in Senegal.,<50,LinkedIn,Software Engineer (AI Algorithm)
191,Rekruit Nearshore,Senegal (nearshore),Senegal,https://rekruitnearshore.com,,nearshore delivery,Nearshore IT recruiting firm hiring ServiceNow developers/analysts in Senegal.,<50,LinkedIn,Développeur/Analyste fonctionnel ServiceNow
192,SBS,"Dakar, Senegal",Senegal,https://www.s-b-s.fr,,digital consulting,Digital consulting firm actively hiring Consultant PS Digital in Dakar.,<100,LinkedIn,Consultant PS Digital
193,TEHORA inc.,"Dakar, Senegal",Senegal,https://tehora.ca,,digital twin engineering,Engineering firm hiring portal/dashboard developer for digital-twin work in Dakar.,~31,LinkedIn,Développeur(se) portail / Tableaux de bord
194,The Flex,"Dakar, Senegal",Senegal,https://theflex.com,,product / design,Company hiring UX/UI Designer in Dakar via LinkedIn Senegal listings.,<100,LinkedIn,UX/UI Designer
195,Sage Grey Technologies Limited,"Lagos, Nigeria",Nigeria,https://sagegreytech.com,careers@sagegreytech.com; info@sagegreytech.com,careers / info,"Builds and deploys practical tech products (escrow, ecommerce, AI verification) for Nigerian markets.",20-50,Indeed,Full Stack Developer (React.js + Node.js)
196,SilvaCreate,"Port Harcourt, Nigeria",Nigeria,https://silvacreate.com,david@silvacreate.com,founder / CTO,Port Harcourt web design and digital marketing agency.,1-20,Indeed,Web Designer
197,SMARTROB Technologies,"Lagos, Nigeria",Nigeria,https://smartrobtech.com,info@smartrobtech.com,info,Web and software development agency specializing in fintech/payment apps and digital products.,~4,Indeed,Mobile App Developer
198,Snaarp,"Lagos, Nigeria",Nigeria,https://snaarp.com,hr@snaarp.com,hr,Cybersecurity and cloud productivity SaaS for securing and collaborating on business data.,10-40,Indeed,Full-Stack Developer
199,Snapnet Solutions Limited,"Lagos, Nigeria",Nigeria,https://www.snapnetsolutions.com,info@snapnetsolutions.com,info,"ERP, cloud, analytics, security, and custom software development / managed IT services.",~56,Indeed,Node Js Backend Engineer
200,Squareme,"Lagos, Nigeria",Nigeria,https://squareme.app,hi@squareme.app,general,Fintech building P2P payments via phone numbers and B2B payment platform FundR.,~24,LinkedIn,Backend Engineer
